trade_id,location,country_name,time,value,overall_score,gov_spending,business_freedom
36,AUS,Australia,1995,-18914.44,74.1,53.9,70
37,AUS,Australia,1996,-14718.47,74,53.4,70
38,AUS,Australia,1997,-12403.25,75.5,55.1,70
39,AUS,Australia,1998,-18663.68,75.6,54.8,70
40,AUS,Australia,1999,-22541.7,76.4,56,70
41,AUS,Australia,2000,-16283.07,77.1,63.3,70
42,AUS,Australia,2001,-8471.229,77.4,67.3,70
43,AUS,Australia,2002,-16163.61,77.3,61.1,85
44,AUS,Australia,2003,-28751.86,77.4,58.9,85
45,AUS,Australia,2004,-41460.57,77.9,60.5,85
46,AUS,Australia,2005,-43540.89,79,60.9,85
47,AUS,Australia,2006,-45839.76,79.9,62.2,90.9
48,AUS,Australia,2007,-63536.72,81.1,62.6,89.1
49,AUS,Australia,2008,-48829.2,82.2,62.8,90.3
50,AUS,Australia,2009,-45903.83,82.6,64.3,90.5
51,AUS,Australia,2010,-45616.5,82.6,64.9,90.3
52,AUS,Australia,2011,-46565.77,82.5,64.7,90.1
53,AUS,Australia,2012,-67382.35,83.1,67.1,91.9
54,AUS,Australia,2013,-51185.57,82.6,62.8,95.5
55,AUS,Australia,2014,-44703.47,82,62.6,94.6
56,AUS,Australia,2015,-56951.78,81.4,61.8,94.1
57,AUS,Australia,2016,-41411.92,80.3,62,89.4
119,AUT,Austria,1995,-6891.689,70,9.6,70
120,AUT,Austria,1996,-6736.545,68.9,0,70
121,AUT,Austria,1997,-5417.419,65.2,1.2,70
122,AUT,Austria,1998,-4076.126,65.4,1.5,70
123,AUT,Austria,1999,-4909.634,64,3.2,70
124,AUT,Austria,2000,-1393.425,68.4,25,70
125,AUT,Austria,2001,-1571.692,68.1,25,70
126,AUT,Austria,2002,4490.771,67.4,18.9,70
127,AUT,Austria,2003,4051.23,67.6,18.6,70
128,AUT,Austria,2004,6249.518,67.6,21,70
129,AUT,Austria,2005,7130.079,68.8,22.6,70
130,AUT,Austria,2006,11074.47,71.1,23.2,82
131,AUT,Austria,2007,14781.95,71.6,24.7,81.7
132,AUT,Austria,2008,19282.66,71.4,25.3,80.9
133,AUT,Austria,2009,10391.77,71.2,27.1,78.6
134,AUT,Austria,2010,11188.76,71.6,28.8,73.6
135,AUT,Austria,2011,7033.218,71.9,28,72.8
136,AUT,Austria,2012,6071.931,70.3,15.4,70.3
137,AUT,Austria,2013,8351.28,71.8,23.5,73.6
138,AUT,Austria,2014,10934.13,72.4,23.5,76.3
139,AUT,Austria,2015,6589.372,71.2,19.8,78
140,AUT,Austria,2016,10772.09,71.7,22.4,79.4
167,BEL,Belgium,2003,11266.74,68.1,26.8,70
168,BEL,Belgium,2004,12132.14,68.7,23.5,70
169,BEL,Belgium,2005,8066.546,69,22,70
170,BEL,Belgium,2006,7872,71.8,26.8,90.7
171,BEL,Belgium,2007,9202.922,72.5,26.5,92.6
172,BEL,Belgium,2008,-5168.262,71.7,17.9,93.7
173,BEL,Belgium,2009,-5216.724,72.1,28.3,93.2
174,BEL,Belgium,2010,8526.661,70.1,30,92.9
175,BEL,Belgium,2011,-5655.219,70.2,25,92.6
176,BEL,Belgium,2012,-264.7794,69,12.1,92.3
177,BEL,Belgium,2013,-1656.716,69.2,14.5,91.6
178,BEL,Belgium,2014,-4619.905,69.9,14.8,89.9
179,BEL,Belgium,2015,-4659.152,68.8,10.2,90.7
180,BEL,Belgium,2016,2620.865,68.4,11,85.4
213,CAN,Canada,1995,-4966.404,69.4,14.8,85
214,CAN,Canada,1996,2613.365,70.3,18.3,85
215,CAN,Canada,1997,-8721.977,67.9,25.9,85
216,CAN,Canada,1998,-8551.445,68.5,29.4,85
217,CAN,Canada,1999,1218.452,69.3,34.9,85
218,CAN,Canada,2000,18946.62,70.5,41.9,85
219,CAN,Canada,2001,16434.52,71.2,47.1,85
220,CAN,Canada,2002,13175.51,74.6,49.6,85
221,CAN,Canada,2003,11160.5,74.8,47.8,85
222,CAN,Canada,2004,24069.16,75.3,50.5,85
223,CAN,Canada,2005,22879.49,75.8,50.8,85
224,CAN,Canada,2006,19032.4,77.4,53.4,96.9
225,CAN,Canada,2007,11859.53,78,52.2,96.8
226,CAN,Canada,2008,4104.602,80.2,53.7,96.7
227,CAN,Canada,2009,-40307.59,80.5,53.7,96.5
228,CAN,Canada,2010,-57532.9,80.4,54.1,96.5
229,CAN,Canada,2011,-48713.83,80.8,52.7,96.4
230,CAN,Canada,2012,-64634.03,79.9,41.7,96.6
231,CAN,Canada,2013,-58038.69,79.4,44.8,91.7
232,CAN,Canada,2014,-41783.41,80.2,47.3,89.3
233,CAN,Canada,2015,-54527.26,79.1,48.3,89
234,CAN,Canada,2016,-47232.2,78,50.4,81.8
277,CZE,Czech Republic,1995,-1369.023,67.8,38.2,100
278,CZE,Czech Republic,1996,-4120.5,68.1,38.2,100
279,CZE,Czech Republic,1997,-3565.252,68.8,35.4,100
280,CZE,Czech Republic,1998,-1254.401,68.4,39.3,85
281,CZE,Czech Republic,1999,-1462.862,69.7,44.8,85
282,CZE,Czech Republic,2000,-2714.395,68.6,49.6,85
283,CZE,Czech Republic,2001,-3273.266,70.2,49.6,85
284,CZE,Czech Republic,2002,-4166.371,66.5,33.7,70
285,CZE,Czech Republic,2003,-5693.969,67.5,45.6,70
286,CZE,Czech Republic,2004,-4452.885,67,40.9,70
287,CZE,Czech Republic,2005,-2869.392,64.6,15.1,70
288,CZE,Czech Republic,2006,-3835.686,66.4,36.8,57.8
289,CZE,Czech Republic,2007,-8729.523,67.4,47.1,61.1
290,CZE,Czech Republic,2008,-4406.522,68.1,45.6,64.2
291,CZE,Czech Republic,2009,-4682.413,69.4,43,65.1
292,CZE,Czech Republic,2010,-7430.8,69.8,45.6,65.5
293,CZE,Czech Republic,2011,-4798.433,70.4,44.8,69.8
294,CZE,Czech Republic,2012,-3240.455,69.9,36.8,67.7
295,CZE,Czech Republic,2013,-1113.623,70.9,43.5,65.8
296,CZE,Czech Republic,2014,379.7132,72.2,43.8,70.1
297,CZE,Czech Republic,2015,458.7488,72.5,40.6,68.2
298,CZE,Czech Republic,2016,3036.75,73.2,47.3,66.6
325,DNK,Denmark,2005,11088.55,75.3,8.3,100
326,DNK,Denmark,2006,9411.56,75.4,9.3,94.6
327,DNK,Denmark,2007,4622.107,77,12.8,94.8
328,DNK,Denmark,2008,10306.05,79.2,19.8,99.9
329,DNK,Denmark,2009,11135.54,79.6,20.4,99.9
330,DNK,Denmark,2010,21140.37,77.9,22,97.9
331,DNK,Denmark,2011,22705,78.6,19.5,99.7
332,DNK,Denmark,2012,20558.58,76.2,0,99.1
333,DNK,Denmark,2013,26651.76,76.1,5.9,98.4
334,DNK,Denmark,2014,31467.09,76.1,0.5,98.1
335,DNK,Denmark,2015,24964.43,76.3,1.8,97.4
336,DNK,Denmark,2016,24343.82,75.3,2.3,95.4
354,FIN,Finland,1996,5095.424,63.7,0,55
355,FIN,Finland,1997,6538.467,65.2,0,70
356,FIN,Finland,1998,6855.334,63.5,0,70
357,FIN,Finland,1999,6996.761,63.9,0,70
358,FIN,Finland,2000,9477.963,64.3,0,70
359,FIN,Finland,2001,10425.29,69.7,28,70
360,FIN,Finland,2002,11492.89,73.6,28,85
361,FIN,Finland,2003,7949.155,73.7,28,85
362,FIN,Finland,2004,11382.82,73.4,25,85
363,FIN,Finland,2005,6230.275,71,22.3,85
364,FIN,Finland,2006,8527.706,72.9,24.4,95.4
365,FIN,Finland,2007,10312.32,74,23.5,95.3
366,FIN,Finland,2008,7219.485,74.6,29.1,95.2
367,FIN,Finland,2009,5040.286,74.5,28.6,95.1
368,FIN,Finland,2010,3709.72,73.8,32.9,95
369,FIN,Finland,2011,-3962.964,74,26.5,95
370,FIN,Finland,2012,-5309.726,72.3,5.2,94.9
371,FIN,Finland,2013,-4873.24,74,12.2,94.8
372,FIN,Finland,2014,-3659.304,73.4,8.9,93.6
373,FIN,Finland,2015,-2194.239,73.4,3.6,92.6
374,FIN,Finland,2016,-4873.482,72.6,0.8,90.7
401,FRA,France,1999,50793.61,59.1,7.6,85
402,FRA,France,2000,14982.08,57.4,12.5,70
403,FRA,France,2001,21694.72,58,18.9,70
404,FRA,France,2002,17180.85,58,15.7,70
405,FRA,France,2003,15397.16,59.2,15.7,70
406,FRA,France,2004,11278.95,60.9,14.5,70
407,FRA,France,2005,2281.824,60.5,10.9,70
408,FRA,France,2006,5874.251,61.1,11.2,88
409,FRA,France,2007,-2707.788,62.1,13.5,87.2
410,FRA,France,2008,-20282.69,64.7,13.2,88
411,FRA,France,2009,-14794.38,63.3,14.5,87.4
412,FRA,France,2010,-16614.94,64.2,17.9,86.3
413,FRA,France,2011,-24599.58,64.6,16.4,85.6
414,FRA,France,2012,-25902.11,63.2,5.3,83.7
415,FRA,France,2013,-14332.98,64.1,5.6,84
416,FRA,France,2014,-27270.97,63.5,5.6,79.9
417,FRA,France,2015,-8976.633,62.5,2.5,80.2
418,FRA,France,2016,-12017.28,62.3,2.5,78.4
445,DEU,Germany,1995,-32210.08,69.8,30.6,85
446,DEU,Germany,1996,-16882.08,69.1,27.1,70
447,DEU,Germany,1997,-11276.07,67.5,28,70
448,DEU,Germany,1998,-15912.33,64.3,26.8,55
449,DEU,Germany,1999,-31211.55,65.6,24.1,70
450,DEU,Germany,2000,-34234.76,65.7,28,70
451,DEU,Germany,2001,-7161.721,69.5,33.7,70
452,DEU,Germany,2002,39163.48,70.4,36.5,70
453,DEU,Germany,2003,35322.3,69.7,30,70
454,DEU,Germany,2004,127067.7,69.5,29.4,70
455,DEU,Germany,2005,132910,68.1,28.6,70
456,DEU,Germany,2006,172804.7,70.8,31.7,89.1
457,DEU,Germany,2007,234765.8,70.8,33.7,88.9
458,DEU,Germany,2008,211928,70.6,34,89.9
459,DEU,Germany,2009,198311.9,70.5,38.2,90.3
460,DEU,Germany,2010,195082.8,71.1,41.4,89.6
461,DEU,Germany,2011,232688.5,71.8,42.7,89.6
462,DEU,Germany,2012,251552,71,32.2,90.5
463,DEU,Germany,2013,244621.8,72.8,37.3,92.1
464,DEU,Germany,2014,279603.8,73.4,38.2,89.9
465,DEU,Germany,2015,288334.9,73.8,40.1,88.2
466,DEU,Germany,2016,293592.2,74.4,41.3,90
497,GRC,Greece,2002,-10522.45,59.1,54.4,70
498,GRC,Greece,2003,-17080.46,58.8,50.3,70
499,GRC,Greece,2004,-18557.22,59.1,53.2,70
500,GRC,Greece,2005,-21965.66,59,54.4,70
501,GRC,Greece,2006,-31409.67,60.1,53.9,73.2
502,GRC,Greece,2007,-48380.16,58.7,53.4,69.7
503,GRC,Greece,2008,-53467.75,60.6,57.8,70.4
504,GRC,Greece,2009,-40741.85,60.8,46.3,78.7
505,GRC,Greece,2010,-29999.6,62.7,41.9,77.4
506,GRC,Greece,2011,-24792.86,60.3,34.3,76.2
507,GRC,Greece,2012,-8562.914,55.4,16.2,76.3
508,GRC,Greece,2013,-3435.561,55.4,24.7,77.1
509,GRC,Greece,2014,-1751.371,55.7,19.2,75.8
510,GRC,Greece,2015,-1594.095,54,0,73.3
511,GRC,Greece,2016,-3372.844,53.2,0,73.8
581,ISL,Iceland,1997,-178.1898,70.5,40.6,70
582,ISL,Iceland,1998,-610.6727,71.2,42.4,70
583,ISL,Iceland,1999,-638.6888,71.4,43.5,70
584,ISL,Iceland,2000,-918.6055,74,58.9,70
585,ISL,Iceland,2001,-350.7804,73.4,58.9,70
586,ISL,Iceland,2002,105.3115,73.1,44.5,85
587,ISL,Iceland,2003,-559.0452,73.5,43,85
588,ISL,Iceland,2004,-1348.883,72.1,37.9,85
589,ISL,Iceland,2005,-2656.199,76.6,30.9,85
590,ISL,Iceland,2006,-3986.408,75.8,32,95.1
591,ISL,Iceland,2007,-2976.538,76,41.7,94.9
592,ISL,Iceland,2008,-3988.438,75.8,46.3,94.5
593,ISL,Iceland,2009,-1240.563,75.9,44,93.6
594,ISL,Iceland,2010,-874.9188,73.7,45.8,93
595,ISL,Iceland,2011,-772.3985,68.2,0,92.7
596,ISL,Iceland,2012,-562.1323,70.9,21.8,92
597,ISL,Iceland,2013,925.0258,72.1,36.2,91.5
598,ISL,Iceland,2014,697.8181,72.4,32.9,91.2
599,ISL,Iceland,2015,895.6672,72,32.6,90.5
600,ISL,Iceland,2016,1560.271,73.3,42.1,90.1
627,IRL,Ireland,2002,316.7572,80.5,69.3,85
628,IRL,Ireland,2003,810.0201,80.9,66.3,85
629,IRL,Ireland,2004,-190.0947,80.3,66.3,85
630,IRL,Ireland,2005,-7492.486,80.8,64.5,85
631,IRL,Ireland,2006,-12425.17,82.2,64.7,93.7
632,IRL,Ireland,2007,-17564.07,82.6,65.9,92.1
633,IRL,Ireland,2008,-17121.79,82.5,64.5,93
634,IRL,Ireland,2009,-10982.35,82.2,64.9,93
635,IRL,Ireland,2010,-2661.833,81.3,61.8,92.8
636,IRL,Ireland,2011,-3905.675,78.7,47.1,92
637,IRL,Ireland,2012,-7625.903,76.9,30.4,92.8
638,IRL,Ireland,2013,3698.405,75.7,28.8,83.4
639,IRL,Ireland,2014,2779.638,76.2,30.6,83.4
640,IRL,Ireland,2015,12819.32,76.6,45.6,82.1
641,IRL,Ireland,2016,-12575.73,77.3,50.3,79.6
661,ITA,Italy,1995,28096.12,61.2,3.6,85
662,ITA,Italy,1996,43202.8,60.8,0.1,70
663,ITA,Italy,1997,36694.22,58.1,10.6,70
664,ITA,Italy,1998,26087.42,59.1,14.5,70
665,ITA,Italy,1999,10032.36,61.6,15.1,70
666,ITA,Italy,2000,-3119.54,61.9,22,70
667,ITA,Italy,2001,1805.431,63,28,70
668,ITA,Italy,2002,-6335.144,63.6,33.7,70
669,ITA,Italy,2003,-12406.75,64.3,29.4,70
670,ITA,Italy,2004,-8693.415,64.2,31.7,70
671,ITA,Italy,2005,-16397.81,64.9,27.4,70
672,ITA,Italy,2006,-28765.01,62,29.1,78.4
673,ITA,Italy,2007,-30226.48,62.8,31.5,77
674,ITA,Italy,2008,-66908.16,62.6,29.4,77
675,ITA,Italy,2009,-41305.89,61.4,24.7,78.7
676,ITA,Italy,2010,-70309.85,62.7,31.2,77.9
677,ITA,Italy,2011,-64764.56,60.3,28.6,77.3
678,ITA,Italy,2012,-4814.872,58.8,19.4,77.4
679,ITA,Italy,2013,23732.98,60.6,25.3,76.9
680,ITA,Italy,2014,41005.97,60.9,25.6,75.5
681,ITA,Italy,2015,26099.02,61.7,23.2,71.9
682,ITA,Italy,2016,48651.88,61.2,22.1,70.3
709,JPN,Japan,1996,69362.01,72.6,63.9,85
710,JPN,Japan,1997,95100.69,70.3,63,85
711,JPN,Japan,1998,115442.4,70.2,60.9,85
712,JPN,Japan,1999,115173.4,69.1,59.8,85
713,JPN,Japan,2000,130467.4,70.7,63.3,85
714,JPN,Japan,2001,87117.89,70.9,58.9,85
715,JPN,Japan,2002,108716.3,66.7,54.4,70
716,JPN,Japan,2003,139379.1,67.6,56.7,70
717,JPN,Japan,2004,182023.2,64.3,55.1,70
718,JPN,Japan,2005,170496.8,67.3,57.6,70
719,JPN,Japan,2006,175850.6,73.3,58.3,87.2
720,JPN,Japan,2007,212952.4,72.7,58.3,91.2
721,JPN,Japan,2008,142000.4,73,56.2,88.1
722,JPN,Japan,2009,146511,72.8,61.1,85.8
723,JPN,Japan,2010,221326.6,72.9,61.1,84.5
724,JPN,Japan,2011,128428.4,72.8,58.7,83.8
725,JPN,Japan,2012,62152.26,71.6,47,81.8
726,JPN,Japan,2013,46394.94,71.8,45,81.3
727,JPN,Japan,2014,36868.55,72.4,47.1,80
728,JPN,Japan,2015,136962.5,73.3,47.1,84.1
729,JPN,Japan,2016,193651.3,73.1,46.2,82.5
814,LUX,Luxembourg,1996,2242.331,72.5,37.1,85
815,LUX,Luxembourg,1997,1935.41,72.8,40.6,85
816,LUX,Luxembourg,1998,1792.854,72.7,37.9,85
817,LUX,Luxembourg,1999,1771.219,72.4,37.9,85
818,LUX,Luxembourg,2000,2680.684,76.4,67.3,85
819,LUX,Luxembourg,2001,1769.877,80.1,58.9,85
820,LUX,Luxembourg,2002,2210.043,79.4,52,85
821,LUX,Luxembourg,2003,1918.29,79.9,51.5,85
822,LUX,Luxembourg,2004,4097.596,78.9,41.4,85
823,LUX,Luxembourg,2005,4101.318,76.3,39,85
824,LUX,Luxembourg,2006,4202.349,75.3,36.8,76.9
825,LUX,Luxembourg,2007,4952.871,74.6,44,76.9
826,LUX,Luxembourg,2008,4225.255,74.7,44.8,77.3
827,LUX,Luxembourg,2009,3702.415,75.2,54.4,76.2
828,LUX,Luxembourg,2010,3548.14,75.4,58.5,75.1
829,LUX,Luxembourg,2011,3630.631,76.2,58.5,76.4
830,LUX,Luxembourg,2012,3200.489,74.5,46.6,75.9
831,LUX,Luxembourg,2013,3343.964,74.2,47.1,74.8
832,LUX,Luxembourg,2014,3409.867,74.2,47.6,72.6
833,LUX,Luxembourg,2015,2929.719,73.2,42.2,71.3
834,LUX,Luxembourg,2016,3002.384,73.9,43,73.7
861,MEX,Mexico,2006,-3431.8,64.7,82.1,79.7
862,MEX,Mexico,2007,-9898.1,66,83.4,83.5
863,MEX,Mexico,2008,-16773,66.2,83.7,82.9
864,MEX,Mexico,2009,-7761.3,65.8,81.8,80.3
865,MEX,Mexico,2010,-4798.9,68.3,85.2,83
866,MEX,Mexico,2011,-11817.9,67.8,83.1,87.3
867,MEX,Mexico,2012,-18585.5,65.3,78.3,82
868,MEX,Mexico,2013,-31416,67,79.4,81.4
869,MEX,Mexico,2014,-25078.1,66.8,78.9,76.8
870,MEX,Mexico,2015,-30740,66.4,78,71.5
871,MEX,Mexico,2016,-23998.7,65.2,76.4,70.7
887,NLD,Netherlands,2004,49987.45,74.5,32.3,70
888,NLD,Netherlands,2005,48335.89,72.9,28,70
889,NLD,Netherlands,2006,66729.24,75.4,29.1,87.5
890,NLD,Netherlands,2007,58472.08,75.5,34.9,88.4
891,NLD,Netherlands,2008,47100.63,77.4,38.2,88
892,NLD,Netherlands,2009,46981.08,77,36.2,86.5
893,NLD,Netherlands,2010,58942.3,75,38.4,82.6
894,NLD,Netherlands,2011,77747.78,74.7,36.8,81.9
895,NLD,Netherlands,2012,85734.53,73.3,20.9,81.9
896,NLD,Netherlands,2013,85494.76,73.5,24.7,83
897,NLD,Netherlands,2014,75535.84,74.2,25.6,89.7
898,NLD,Netherlands,2015,48168.97,73.7,23.8,84.3
899,NLD,Netherlands,2016,63148.48,74.6,34.4,80
941,NZL,New Zealand,1996,-3281.423,78.1,48.6,85
942,NZL,New Zealand,1997,-3625.601,79,53.9,85
943,NZL,New Zealand,1998,-1503.331,79.2,55.8,85
944,NZL,New Zealand,1999,-2854.744,81.7,58,85
945,NZL,New Zealand,2000,-1781.909,80.9,47.1,85
946,NZL,New Zealand,2001,-431.7536,81.1,49.6,85
947,NZL,New Zealand,2002,-1335.148,80.7,49.6,85
948,NZL,New Zealand,2003,-2014.453,81.1,53,85
949,NZL,New Zealand,2004,-4657.693,81.5,55.8,85
950,NZL,New Zealand,2005,-7996.613,82.3,55.3,85
951,NZL,New Zealand,2006,-7856.75,82,54.8,99.9
952,NZL,New Zealand,2007,-9147.546,81.4,56.5,99.9
953,NZL,New Zealand,2008,-10442.69,80.7,56,99.9
954,NZL,New Zealand,2009,-2765.095,82,49.6,99.9
955,NZL,New Zealand,2010,-3311.63,82.1,51.3,99.9
956,NZL,New Zealand,2011,-4685.392,82.3,49.3,99.9
957,NZL,New Zealand,2012,-6864.939,82.1,45,99.9
958,NZL,New Zealand,2013,-5756.846,81.4,33.2,99.9
959,NZL,New Zealand,2014,-6193.999,81.2,32.3,96.1
960,NZL,New Zealand,2015,-4784.442,82.1,43,95.5
961,NZL,New Zealand,2016,-3797.073,81.6,46,91.4
1010,NOR,Norway,1996,10991.11,65.4,8.9,70
1011,NOR,Norway,1997,9939.035,65.1,12.2,70
1012,NOR,Norway,1998,-475.7961,68,20.1,70
1013,NOR,Norway,1999,8918.669,68.6,27.4,70
1014,NOR,Norway,2000,25279.86,70.1,41.9,70
1015,NOR,Norway,2001,27538.51,67.1,36.5,70
1016,NOR,Norway,2002,24084.49,67.4,41.9,70
1017,NOR,Norway,2003,27582.94,67.2,41.4,70
1018,NOR,Norway,2004,32734.56,66.2,31.7,70
1019,NOR,Norway,2005,50845.11,64.5,28.3,70
1020,NOR,Norway,2006,56418.77,67.9,34.9,91.4
1021,NOR,Norway,2007,49816.9,67.9,37.6,91.1
1022,NOR,Norway,2008,73027.84,68.6,46.3,89.1
1023,NOR,Norway,2009,41543.85,70.2,50.5,88.1
1024,NOR,Norway,2010,47306.73,69.4,49.8,88.8
1025,NOR,Norway,2011,62386.89,70.3,51.5,88.3
1026,NOR,Norway,2012,63386.76,68.8,35.3,88.4
1027,NOR,Norway,2013,53468.38,70.5,40.3,92.6
1028,NOR,Norway,2014,54906.41,70.9,42.2,90.9
1029,NOR,Norway,2015,30855.3,71.8,43.8,92.1
1030,NOR,Norway,2016,14828.89,70.8,41.8,89.6
1071,POL,Poland,2004,-13954.22,58.7,35.1,70
1072,POL,Poland,2005,-7976.422,59.6,30.3,70
1073,POL,Poland,2006,-13772.62,59.3,39.5,56.5
1074,POL,Poland,2007,-27181.71,58.1,44.8,55.3
1075,POL,Poland,2008,-35594.15,60.3,43.5,54.2
1076,POL,Poland,2009,-17398.4,60.3,42.2,53.7
1077,POL,Poland,2010,-25768,63.2,46.8,62.2
1078,POL,Poland,2011,-27478.12,64.1,43.8,61.4
1079,POL,Poland,2012,-18566.1,64.2,40.3,61.4
1080,POL,Poland,2013,-6619.981,66,43,64
1081,POL,Poland,2014,-11265.38,67,43.2,70.1
1082,POL,Poland,2015,-2679.937,68.6,47.1,67.3
1083,POL,Poland,2016,-2449.223,69.3,46.5,68.7
1101,PRT,Portugal,1996,-5542.026,64.5,31.5,70
1102,PRT,Portugal,1997,-7234.78,63.6,36.5,70
1103,PRT,Portugal,1998,-9360.322,65,39.3,70
1104,PRT,Portugal,1999,-11298.12,65.6,37.1,70
1105,PRT,Portugal,2000,-12776.75,65.5,41.9,70
1106,PRT,Portugal,2001,-12704.29,66,41.9,70
1107,PRT,Portugal,2002,-11261.33,65.4,39.3,70
1108,PRT,Portugal,2003,-10943.74,64.9,35.7,70
1109,PRT,Portugal,2004,-15047.3,64.9,36.2,70
1110,PRT,Portugal,2005,-18888.43,62.4,32,70
1111,PRT,Portugal,2006,-21412.15,62.9,29.7,73.3
1112,PRT,Portugal,2007,-23113.4,64,35.4,78.6
1113,PRT,Portugal,2008,-30984.72,63.9,32.6,80.5
1114,PRT,Portugal,2009,-25086.12,64.9,35.4,81.1
1115,PRT,Portugal,2010,-24395.95,64.4,37.1,80.5
1116,PRT,Portugal,2011,-14636.55,64,36.2,80.1
1117,PRT,Portugal,2012,-3490.975,63,25.5,83
1118,PRT,Portugal,2013,3697.078,63.1,28.3,82.8
1119,PRT,Portugal,2014,360.8886,63.5,26.8,84.9
1120,PRT,Portugal,2015,455.9313,65.3,28.8,87.5
1121,PRT,Portugal,2016,2255.935,65.1,24.8,85.3
1147,SVK,Slovakia,2004,-3286.15,64.6,42.4,70
1148,SVK,Slovakia,2005,-4058.595,66.8,42.4,70
1149,SVK,Slovakia,2006,-4374.457,69.8,52.5,69.3
1150,SVK,Slovakia,2007,-4028.905,69.6,53.7,70.7
1151,SVK,Slovakia,2008,-6010.979,70,53.9,69.5
1152,SVK,Slovakia,2009,-3066.267,69.4,57.4,73.4
1153,SVK,Slovakia,2010,-4216.181,69.7,64.5,72.6
1154,SVK,Slovakia,2011,-4862.487,69.5,63.7,73.4
1155,SVK,Slovakia,2012,878.6563,67,48.2,71
1156,SVK,Slovakia,2013,1830.618,68.7,58,71
1157,SVK,Slovakia,2014,1155.109,66.4,56,67
1158,SVK,Slovakia,2015,-1851.125,67.2,55.1,69.6
1159,SVK,Slovakia,2016,-2456.425,66.6,49.5,68.4
1179,ESP,Spain,1995,-7671.717,62.8,36.8,70
1180,ESP,Spain,1996,-5496.255,59.6,26.8,70
1181,ESP,Spain,1997,-4276.354,59.6,32.9,70
1182,ESP,Spain,1998,-10412.28,62.6,39.3,70
1183,ESP,Spain,1999,-20881.93,65.1,42.7,70
1184,ESP,Spain,2000,-26207.82,65.9,47.1,70
1185,ESP,Spain,2001,-27506.85,68.1,54.4,70
1186,ESP,Spain,2002,-26348.05,68.8,52,70
1187,ESP,Spain,2003,-35195.77,68.8,52.2,70
1188,ESP,Spain,2004,-58537.98,68.9,52.7,70
1189,ESP,Spain,2005,-83609.72,67,53,70
1190,ESP,Spain,2006,-111524.2,68.2,50.5,78.7
1191,ESP,Spain,2007,-138877.5,69.2,54.8,78
1192,ESP,Spain,2008,-150961.5,69.1,56.2,77.9
1193,ESP,Spain,2009,-64170.57,70.1,55.3,76.8
1194,ESP,Spain,2010,-56139.81,69.6,54.8,75.8
1195,ESP,Spain,2011,-47331.69,70.2,49.3,77.2
1196,ESP,Spain,2012,1137.523,69.1,37.1,81.3
1197,ESP,Spain,2013,27613.25,68,43,80.3
1198,ESP,Spain,2014,23270.68,67.2,38.7,77.3
1199,ESP,Spain,2015,24215.39,67.6,39.8,77.5
1200,ESP,Spain,2016,39113.93,68.5,41.1,76
1240,SWE,Sweden,1995,8425.878,61.4,0,70
1241,SWE,Sweden,1996,9627.737,61.8,0,70
1242,SWE,Sweden,1997,10327.17,63.3,0,70
1243,SWE,Sweden,1998,9706.712,64,0,70
1244,SWE,Sweden,1999,10655.21,64.2,0,70
1245,SWE,Sweden,2000,10298.13,65.1,0,70
1246,SWE,Sweden,2001,11361.55,66.6,2.5,70
1247,SWE,Sweden,2002,11853.67,70.8,2.5,70
1248,SWE,Sweden,2003,19524.96,70,2.9,70
1249,SWE,Sweden,2004,22933.99,70.1,0,70
1250,SWE,Sweden,2005,23542.95,69.8,0,70
1251,SWE,Sweden,2006,34461.74,70.9,2.2,96.1
1252,SWE,Sweden,2007,39875.82,69.3,3.6,94.2
1253,SWE,Sweden,2008,40273.42,70.8,3.9,95.6
1254,SWE,Sweden,2009,25929.47,70.5,7.3,95.9
1255,SWE,Sweden,2010,29142.66,72.4,17.3,95.5
1256,SWE,Sweden,2011,31389.6,71.9,17.3,95
1257,SWE,Sweden,2012,30414.68,71.7,8.8,94.6
1258,SWE,Sweden,2013,30290.32,72.9,21,93.2
1259,SWE,Sweden,2014,26101.19,73.1,21.4,91.1
1260,SWE,Sweden,2015,20718.27,72.7,19.2,87.9
1261,SWE,Sweden,2016,18255.34,72,14.9,89.7
1290,CHE,Switzerland,2000,32540.25,76.8,28,70
1291,CHE,Switzerland,2001,22578.54,76,22,70
1292,CHE,Switzerland,2002,25143.72,79.3,56.7,70
1293,CHE,Switzerland,2003,44543.38,79,55.3,70
1294,CHE,Switzerland,2004,57722.68,79.5,55.8,70
1295,CHE,Switzerland,2005,54797.15,79.3,61.1,70
1296,CHE,Switzerland,2006,61574.68,78.9,61.1,85
1297,CHE,Switzerland,2007,48247.96,78,59.8,84.1
1298,CHE,Switzerland,2008,12715.57,79.5,61.6,83.9
1299,CHE,Switzerland,2009,39634.14,79.4,65.3,82.9
1300,CHE,Switzerland,2010,85473.93,81.1,68.9,81.2
1301,CHE,Switzerland,2011,54773.72,81.9,69.3,80.2
1302,CHE,Switzerland,2012,71358.99,81.1,65.8,77.9
1303,CHE,Switzerland,2013,79883.72,81,63.8,75.8
1304,CHE,Switzerland,2014,61218.96,81.6,65.7,75.4
1305,CHE,Switzerland,2015,76539.85,80.5,65.1,78.1
1306,CHE,Switzerland,2016,66151.25,81,66.3,82.2
1331,TUR,Turkey,1995,-2339,58.4,63.3,85
1332,TUR,Turkey,1996,-2437,56.7,57.1,85
1333,TUR,Turkey,1997,-2638,60.8,61.8,70
1334,TUR,Turkey,1998,2000,60.9,68.5,70
1335,TUR,Turkey,1999,-925,59.2,57.1,70
1336,TUR,Turkey,2000,-9920,63.4,82.7,70
1337,TUR,Turkey,2001,3760,60.6,73,70
1338,TUR,Turkey,2002,-626,54.2,58.9,55
1339,TUR,Turkey,2003,-7554,51.9,45,55
1340,TUR,Turkey,2004,-14198,52.8,56.9,55
1341,TUR,Turkey,2005,-20980,50.6,54.4,55
1342,TUR,Turkey,2006,-31089,57,68.1,66.7
1343,TUR,Turkey,2007,-36795,57.4,62.4,67.4
1344,TUR,Turkey,2008,-39297,59.9,68.3,68.3
1345,TUR,Turkey,2009,-11167,61.6,83.4,69.9
1346,TUR,Turkey,2010,-44460,63.8,82.9,68.9
1347,TUR,Turkey,2011,-74234,64.2,83.6,68.7
1348,TUR,Turkey,2012,-47966.7,62.5,58.5,67.1
1349,TUR,Turkey,2013,-63646.24,62.9,64.9,68.2
1350,TUR,Turkey,2014,-43644.71,64.9,63.5,67.6
1351,TUR,Turkey,2015,-32179.9,63.2,57.6,61
1352,TUR,Turkey,2016,-33207.78,62.1,55.6,65.4
1414,GBR,United Kingdom,1995,-8994.825,77.9,37.3,100
1415,GBR,United Kingdom,1996,-8103.692,76.4,37.3,85
1416,GBR,United Kingdom,1997,-3182.631,76.4,39.3,85
1417,GBR,United Kingdom,1998,-6937.274,76.5,40.3,85
1418,GBR,United Kingdom,1999,-41528.14,76.2,44.5,85
1419,GBR,United Kingdom,2000,-37541.77,77.3,49.6,85
1420,GBR,United Kingdom,2001,-33909.5,77.6,52,85
1421,GBR,United Kingdom,2002,-36684.84,78.5,58.9,85
1422,GBR,United Kingdom,2003,-36244.92,77.5,51,85
1423,GBR,United Kingdom,2004,-56212.84,77.7,50.1,85
1424,GBR,United Kingdom,2005,-49468.92,79.2,43.5,85
1425,GBR,United Kingdom,2006,-75661.31,80.4,43.5,91.5
1426,GBR,United Kingdom,2007,-102915.8,79.9,42.7,91.2
1427,GBR,United Kingdom,2008,-114530.7,79.4,40.1,90.8
1428,GBR,United Kingdom,2009,-80428.62,79,40.3,89.8
1429,GBR,United Kingdom,2010,-78453.98,76.5,41.9,94.9
1430,GBR,United Kingdom,2011,-46878.1,74.5,32.9,94.6
1431,GBR,United Kingdom,2012,-93098.02,74.1,21.5,94.7
1432,GBR,United Kingdom,2013,-132605.8,74.8,27.7,94.1
1433,GBR,United Kingdom,2014,-144764.9,74.9,29.5,92
1434,GBR,United Kingdom,2015,-143676.9,75.8,30.3,91.1
1435,GBR,United Kingdom,2016,-140349,76.4,39,86
1620,BRA,Brazil,1995,-18712.42,51.4,74.4,55
1621,BRA,Brazil,1996,-23843.03,48.1,74.4,55
1622,BRA,Brazil,1997,-30852,52.6,80.8,70
1623,BRA,Brazil,1998,-33892.21,52.3,74.4,70
1624,BRA,Brazil,1999,-25869.43,61.3,79.2,70
1625,BRA,Brazil,2000,-24793.52,61.1,71.2,70
1626,BRA,Brazil,2001,-23721.4,61.9,71.2,70
1627,BRA,Brazil,2002,-8096.806,61.5,71.2,70
1628,BRA,Brazil,2003,3760.055,63.4,82.7,70
1629,BRA,Brazil,2004,11346.76,62,68.1,70
1630,BRA,Brazil,2005,13547.22,61.7,69.9,70
1631,BRA,Brazil,2006,13029.92,60.9,71.7,53.5
1632,BRA,Brazil,2007,408.0307,56.2,55.5,54.2
1633,BRA,Brazil,2008,-30640.45,56.2,55.5,54
1634,BRA,Brazil,2009,-26261.24,56.7,50.3,54.4
1635,BRA,Brazil,2010,-79014.2,55.6,50.3,54.5
1636,BRA,Brazil,2011,-76287.89,56.3,49.6,54.3
1637,BRA,Brazil,2012,-83800.05,57.9,54.8,53.7
1638,BRA,Brazil,2013,-79792.3,57.7,54.8,53
1639,BRA,Brazil,2014,-101430.9,56.9,54.1,53.8
1640,BRA,Brazil,2015,-54472.5,56.6,50.9,53.6
1641,BRA,Brazil,2016,-24230.2,56.5,55.2,61.4
1667,CHL,Chile,2003,-222.1935,76,81.8,70
1668,CHL,Chile,2004,2821.176,76.9,81.5,70
1669,CHL,Chile,2005,1824.625,77.8,84.8,70
1670,CHL,Chile,2006,7004.225,78,87.5,68.1
1671,CHL,Chile,2007,7423.002,77.7,87.9,68.2
1672,CHL,Chile,2008,-6698.524,78.6,88.2,67.8
1673,CHL,Chile,2009,3220.017,78.3,90.1,66.3
1674,CHL,Chile,2010,3068.789,77.2,89.6,64.8
1675,CHL,Chile,2011,-4083.987,77.4,86.6,67.2
1676,CHL,Chile,2012,-10470.69,78.3,82.1,68.6
1677,CHL,Chile,2013,-11237.03,79,83.7,70.5
1678,CHL,Chile,2014,-4287.967,78.7,83.8,69.3
1679,CHL,Chile,2015,-5647.472,78.5,83.3,69.3
1680,CHL,Chile,2016,-3960.036,77.7,83.1,72.1
1699,CHN,China,1998,31471.43,53.1,95.9,55
1700,CHN,China,1999,21114.14,54.8,95.1,55
1701,CHN,China,2000,20431.62,56.4,90.3,55
1702,CHN,China,2001,17405.28,52.6,94.1,55
1703,CHN,China,2002,35421.97,52.8,92.3,55
1704,CHN,China,2003,43051.58,52.6,90.2,55
1705,CHN,China,2004,68940.96,52.5,88.4,55
1706,CHN,China,2005,132378.5,53.7,86,55
1707,CHN,China,2006,231843,53.6,86,43.1
1708,CHN,China,2007,353182.7,52,87,46.9
1709,CHN,China,2008,420568.5,53.1,89.7,50.3
1710,CHN,China,2009,243256.6,53.2,88.9,51.6
1711,CHN,China,2010,237810.4,51,88.1,49.7
1712,CHN,China,2011,136096.8,52,87,49.8
1713,CHN,China,2012,215391.8,51.2,84.1,46.4
1714,CHN,China,2013,148204,51.9,83.3,48
1715,CHN,China,2014,236046.6,52.5,82.9,49.7
1716,CHN,China,2015,304164.4,52.7,81.5,52.1
1717,CHN,China,2016,202203.4,52,74.3,54.2
1743,EST,Estonia,1995,-157.6295,65.2,63.3,85
1744,EST,Estonia,1996,-399.8084,65.4,59.2,85
1745,EST,Estonia,1997,-562.6656,69.1,55.5,85
1746,EST,Estonia,1998,-480.4704,72.5,50.1,85
1747,EST,Estonia,1999,-245.9309,73.8,50.8,85
1748,EST,Estonia,2000,-307.8857,69.9,25,85
1749,EST,Estonia,2001,-444.1152,76.1,67.3,85
1750,EST,Estonia,2002,-815.4004,77.6,54.4,85
1751,EST,Estonia,2003,-1270.797,77.7,58.3,85
1752,EST,Estonia,2004,-1448.067,77.4,55.5,85
1753,EST,Estonia,2005,-1223.997,75.2,61.6,85
1754,EST,Estonia,2006,-2542.397,74.9,57.4,81.9
1755,EST,Estonia,2007,-3335.17,78,61.8,79.9
1756,EST,Estonia,2008,-2104.757,77.9,62,85.3
1757,EST,Estonia,2009,500.9173,76.4,67.3,75.9
1758,EST,Estonia,2010,348.3984,74.7,62.2,83.1
1759,EST,Estonia,2011,305.0787,75.2,52.2,80.9
1760,EST,Estonia,2012,-436.886,73.2,38.8,75.7
1761,EST,Estonia,2013,73.27781,75.3,56.2,78.2
1762,EST,Estonia,2014,190.3953,75.9,56,77.6
1763,EST,Estonia,2015,405.9008,76.8,53.2,81.5
1764,EST,Estonia,2016,397.2214,77.2,54.9,79
1796,IND,India,1995,-5532.876,45.1,92.4,55
1797,IND,India,1996,-5936.968,47.4,88.7,55
1798,IND,India,1997,-3006.833,49.7,88.7,55
1799,IND,India,1998,-6819.664,49.7,89.7,55
1800,IND,India,1999,-3243.171,50.2,90.6,55
1801,IND,India,2000,-4508.361,47.4,73,55
1802,IND,India,2001,1398.708,49,76.5,55
1803,IND,India,2002,7057.144,51.2,78.1,55
1804,IND,India,2003,8688.524,51.2,71.9,55
1805,IND,India,2004,698.2009,51.5,77.1,55
1806,IND,India,2005,-10367.13,54.2,76.3,55
1807,IND,India,2006,-9513.98,52.2,74.6,49.6
1808,IND,India,2007,-7529.892,53.9,71.4,50.8
1809,IND,India,2008,-32048.6,54.1,73.5,50.9
1810,IND,India,2009,-25777.64,54.4,77.8,54.4
1811,IND,India,2010,-54615.73,53.8,76.1,36.3
1812,IND,India,2011,-63068.14,54.6,77.8,36.9
1813,IND,India,2012,-91522.81,54.6,74.8,35.5
1814,IND,India,2013,-47328.89,55.2,77.9,37.3
1815,IND,India,2014,-27216.6,55.7,77.8,37.7
1816,IND,India,2015,-22677.38,54.6,78.3,43.3
1817,IND,India,2016,-12128.7,56.2,78.1,47.6
1842,IDN,Indonesia,2004,1563.21,52.1,84.4,55
1843,IDN,Indonesia,2005,277.55,52.9,90,55
1844,IDN,Indonesia,2006,10859.49,51.9,86,46.6
1845,IDN,Indonesia,2007,10491.02,53.2,89.1,48.2
1846,IDN,Indonesia,2008,125.58,53.2,89.7,49.1
1847,IDN,Indonesia,2009,10628.45,53.4,88,46.7
1848,IDN,Indonesia,2010,5144.3,55.5,89.1,53.1
1849,IDN,Indonesia,2011,1685.08,56,88.9,54.9
1850,IDN,Indonesia,2012,-24418.13,56.4,91.6,54.6
1851,IDN,Indonesia,2013,-29109.47,56.9,89.2,50.2
1852,IDN,Indonesia,2014,-27509.89,58.5,89.8,54.8
1853,IDN,Indonesia,2015,-17518.75,58.1,88.3,49.3
1854,IDN,Indonesia,2016,-16952.25,59.4,89,54
1872,ISR,Israel,1995,-4963.7,61.5,30,85
1873,ISR,Israel,1996,-5351.6,62,27.7,85
1874,ISR,Israel,1997,-3643.2,62.7,32,85
1875,ISR,Israel,1998,-1170.7,68,32.3,85
1876,ISR,Israel,1999,-1538.4,68.3,28.8,85
1877,ISR,Israel,2000,-1989.7,65.5,9.3,85
1878,ISR,Israel,2001,-1930.1,66.1,30.9,70
1879,ISR,Israel,2002,-1081.8,66.9,33.7,70
1880,ISR,Israel,2003,765,62.7,10.9,70
1881,ISR,Israel,2004,2032.5,61.4,7.6,70
1882,ISR,Israel,2005,4360.4,62.6,15.1,70
1883,ISR,Israel,2006,6291.3,64.4,28.3,69.9
1884,ISR,Israel,2007,5618.6,64.8,33.4,69.4
1885,ISR,Israel,2008,2210.9,66.3,35.1,68.6
1886,ISR,Israel,2009,6750.7,67.6,35.1,67.8
1887,ISR,Israel,2010,8373.6,67.7,35.4,66.4
1888,ISR,Israel,2011,3825.6,68.5,44.8,66.1
1889,ISR,Israel,2012,892.4,67.8,41,64.4
1890,ISR,Israel,2013,8874.8,66.9,39.3,66.1
1891,ISR,Israel,2014,12451.5,68.4,40.3,73.2
1892,ISR,Israel,2015,15026.5,70.5,47.8,72.4
1893,ISR,Israel,2016,10459.6,70.7,48.8,70.6
1962,SVN,Slovenia,1996,21.2439,50.4,34.6,70
1963,SVN,Slovenia,1997,31.51414,55.6,36.2,70
1964,SVN,Slovenia,1998,-190.4032,60.7,37.3,70
1965,SVN,Slovenia,1999,-912.3158,61.3,39.5,70
1966,SVN,Slovenia,2000,-656.5258,58.3,36.5,70
1967,SVN,Slovenia,2001,6.910319,61.8,47.1,85
1968,SVN,Slovenia,2002,215.4508,57.8,41.9,85
1969,SVN,Slovenia,2003,-248.7632,57.7,40.6,85
1970,SVN,Slovenia,2004,-930.4957,59.2,40.6,85
1971,SVN,Slovenia,2005,-651.622,59.6,45.3,85
1972,SVN,Slovenia,2006,-727.5883,61.9,44.3,75.1
1973,SVN,Slovenia,2007,-1987.719,59.6,30.9,72.9
1974,SVN,Slovenia,2008,-2944.521,60.2,33.2,74.1
1975,SVN,Slovenia,2009,-534.7316,62.9,38.4,84.5
1976,SVN,Slovenia,2010,-360.9063,64.7,46.1,83.3
1977,SVN,Slovenia,2011,-419.5179,64.6,41.1,83.6
1978,SVN,Slovenia,2012,615.8049,62.9,27.9,81.4
1979,SVN,Slovenia,2013,1597.907,61.7,22.3,80.7
1980,SVN,Slovenia,2014,2553.154,62.7,22.6,85.4
1981,SVN,Slovenia,2015,1644.459,60.3,0,81.2
1982,SVN,Slovenia,2016,2147.561,60.6,0,82
2044,ZAF,South Africa,1995,-2493.738,60.7,63.3,85
2045,ZAF,South Africa,1996,-1654.669,62.5,62.2,85
2046,ZAF,South Africa,1997,-2220.288,63.2,65.3,85
2047,ZAF,South Africa,1998,-2369.632,64.3,67.3,85
2048,ZAF,South Africa,1999,-680.2538,63.3,66.7,85
2049,ZAF,South Africa,2000,-171.7622,63.7,67.3,85
2050,ZAF,South Africa,2001,333.2489,63.8,78.1,70
2051,ZAF,South Africa,2002,1041.292,64,79.7,70
2052,ZAF,South Africa,2003,-1447.371,67.1,80,70
2053,ZAF,South Africa,2004,-6322.747,66.3,79.7,70
2054,ZAF,South Africa,2005,-8066.575,62.9,79.9,70
2055,ZAF,South Africa,2006,-12161.91,63.7,78.6,71.8
2056,ZAF,South Africa,2007,-16118.82,63.5,79.2,70.4
2057,ZAF,South Africa,2008,-15878.04,63.4,76.8,71.4
2058,ZAF,South Africa,2009,-8074.184,63.8,77.6,74.6
2059,ZAF,South Africa,2010,-5633.623,62.8,76.8,73
2060,ZAF,South Africa,2011,-9235.612,62.7,77.5,72.3
2061,ZAF,South Africa,2012,-20334.91,62.7,71.9,75.8
2062,ZAF,South Africa,2013,-21215.93,61.8,69.2,74.7
2063,ZAF,South Africa,2014,-17780.53,62.5,69.1,74.5
2064,ZAF,South Africa,2015,-14656.87,62.6,68.2,73
2065,ZAF,South Africa,2016,-8504.712,61.9,69.9,69.7
5777,NLD,Netherlands,2003,7814.09,74.6,35.4,70
11609,COL,Colombia,2000,832.5429,63.3,84.1,70
11610,COL,Colombia,2001,-1037.702,65.6,88,70
11611,COL,Colombia,2002,-1302.456,64.2,89.2,70
11612,COL,Colombia,2003,-945.9769,64.2,87.6,70
11613,COL,Colombia,2004,-782.0036,61.2,66.9,70
11614,COL,Colombia,2005,-1890.853,59.6,66.3,70
11615,COL,Colombia,2006,-2909.244,60.4,68.3,72.1
11616,COL,Colombia,2007,-6016.656,59.9,70.2,71.8
11617,COL,Colombia,2008,-6460.65,62.2,71.2,72.5
11618,COL,Colombia,2009,-4649.206,62.3,65.9,77.4
11619,COL,Colombia,2010,-8732.385,65.5,74.8,83.6
11620,COL,Colombia,2011,-9802.928,68,78.9,86.1
11621,COL,Colombia,2012,-11362.4,68,74.1,89.4
11622,COL,Colombia,2013,-12501.06,69.6,75.2,90.2
11623,COL,Colombia,2014,-19763.76,70.7,74.9,85.2
11624,COL,Colombia,2015,-18564.2,71.7,76,81.5
11625,COL,Colombia,2016,-12036.18,70.8,74.4,78.2
11642,LVA,Latvia,2000,-329.0954,63.4,47.1,70
11643,LVA,Latvia,2001,-569.705,66.4,65.3,70
11644,LVA,Latvia,2002,-585.4884,65,49.6,70
11645,LVA,Latvia,2003,-897.7592,66,58,70
11646,LVA,Latvia,2004,-1758.853,67.4,62.2,70
11647,LVA,Latvia,2005,-1989.995,66.3,52.7,70
11648,LVA,Latvia,2006,-4428.201,66.9,51,75
11649,LVA,Latvia,2007,-6461.853,67.9,61.3,74.5
11650,LVA,Latvia,2008,-4411.375,68.3,59.2,74.8
11651,LVA,Latvia,2009,2154.774,66.6,58.5,73.8
11652,LVA,Latvia,2010,655.8047,66.2,57.4,72.9
11653,LVA,Latvia,2011,-757.1606,65.8,55.5,72.8
11654,LVA,Latvia,2012,-924.0065,65.2,43.8,75.9
11655,LVA,Latvia,2013,-837.6961,66.5,53.6,75.7
11656,LVA,Latvia,2014,-566.5421,68.7,54.9,82.5
11657,LVA,Latvia,2015,-119.8068,69.7,59.2,82.1
11658,LVA,Latvia,2016,432.3875,70.4,58.4,78.6
12232,ARG,Argentina,2006,6498.803,53.4,81.5,62.9
12233,ARG,Argentina,2007,6048.538,54,81.5,63.9
12234,ARG,Argentina,2008,5421.207,54.2,80.9,63.7
12235,ARG,Argentina,2009,7254.116,52.3,75.6,62.1
12236,ARG,Argentina,2010,-1622.996,51.2,75.6,62.1
12237,ARG,Argentina,2011,-5340.181,51.7,81.7,62.4
12238,ARG,Argentina,2012,-2138.04,48,56.9,61
12239,ARG,Argentina,2013,-13124.37,46.7,52.1,60.1
12240,ARG,Argentina,2014,-9179.026,44.6,49.9,53.9
12241,ARG,Argentina,2015,-17621.98,44.1,41.2,52.8
12242,ARG,Argentina,2016,-15104.79,43.8,51.3,56
12298,LTU,Lithuania,2004,-1735.346,72.4,70.6,70
12299,LTU,Lithuania,2005,-1906.864,70.5,65.1,70
12300,LTU,Lithuania,2006,-3190.568,71.8,63.9,85.2
12301,LTU,Lithuania,2007,-5999.552,71.5,70.8,84.3
12302,LTU,Lithuania,2008,-6307.51,70.9,68.3,84.2
12303,LTU,Lithuania,2009,811.0774,70,65.3,82.4
12304,LTU,Lithuania,2010,-3.166208,70.3,63.5,82
12305,LTU,Lithuania,2011,-1641.315,71.3,58,81.7
12306,LTU,Lithuania,2012,-734.6236,71.5,41.7,79.2
12307,LTU,Lithuania,2013,847.3338,72.1,53.6,77.6
12308,LTU,Lithuania,2014,1636.457,73,55.9,85.7
12309,LTU,Lithuania,2015,-1024.658,74.7,61.3,84.9
12310,LTU,Lithuania,2016,-494.4367,75.2,63.8,80
12328,SAU,Saudi Arabia,2006,98933.83,63,69.3,51
12329,SAU,Saudi Arabia,2007,93329.45,60.9,66.7,53
12330,SAU,Saudi Arabia,2008,132322.2,62.5,69.1,73
12331,SAU,Saudi Arabia,2009,20954.61,64.3,73.4,79.6
12332,SAU,Saudi Arabia,2010,66750.99,64.1,68.1,84.6
12333,SAU,Saudi Arabia,2011,158545.2,66.2,74.6,86.1
12334,SAU,Saudi Arabia,2012,164763.7,62.5,37.3,87.5
12335,SAU,Saudi Arabia,2013,135442.4,60.6,52.2,68.2
12336,SAU,Saudi Arabia,2014,73758.2,62.2,63.1,67.3
12337,SAU,Saudi Arabia,2015,-56723.79,62.1,61.9,65.8
12338,SAU,Saudi Arabia,2016,-23842.75,62.1,56.8,69.9
